"participant_code","dental_school","n_patients","dohr_assessable","recall","fluoride","noc_active","monitor_inactive"
"S01","DS1",2,TRUE,0,0,NA,NA
"S02","DS1",2,TRUE,1,0,1,1
"S03","DS1",2,TRUE,0,1,1,1
"S04","DS1",2,TRUE,1,1,1,1
"S05","DS1",2,TRUE,0,1,0,NA
"S06","DS1",2,TRUE,1,0,1,NA
"S07","DS1",2,TRUE,0,0,NA,1
"S08","DS1",2,TRUE,0,NA,NA,NA
"S09","DS1",2,TRUE,0,0,1,NA
"S10","DS1",1,TRUE,1,0,NA,1
"S11","DS2",2,TRUE,1,1,1,1
"S12","DS2",1,FALSE,NA,NA,NA,NA
"S13","DS2",2,TRUE,1,1,1,1
"S14","DS2",1,TRUE,1,0,1,1
"S15","DS2",2,TRUE,1,1,1,0
"S16","DS2",2,TRUE,1,1,1,1
"S17","DS2",2,TRUE,1,0,1,1
"S18","DS2",1,TRUE,1,1,1,1
"S19","DS3",2,TRUE,0,0,0,1
"S20","DS3",1,FALSE,NA,NA,NA,NA
"S21","DS3",2,FALSE,NA,NA,NA,NA
"S22","DS3",1,FALSE,NA,NA,NA,NA
"S23","DS3",2,FALSE,NA,NA,NA,NA
"S24","DS4",2,TRUE,0,0,1,1
"S25","DS4",2,TRUE,0,0,1,0
"S26","DS4",2,TRUE,0,0,1,1
"S27","DS4",2,TRUE,0,1,1,1
"S28","DS4",2,TRUE,1,1,1,1
"S29","DS4",2,TRUE,1,1,1,1
"S30","DS4",1,FALSE,NA,NA,NA,NA
"S31","DS5",2,TRUE,1,0,1,1
"S32","DS5",2,TRUE,0,1,1,1
"S33","DS5",2,FALSE,NA,NA,NA,NA
"S34","DS5",2,TRUE,0,1,0,0
"S35","DS5",2,TRUE,0,1,NA,NA
"S36","DS5",2,TRUE,1,1,1,1
"S37","DS5",2,TRUE,1,1,NA,1
"S38","DS5",2,TRUE,1,0,1,1
"S39","DS5",2,TRUE,1,1,0,0
"S40","DS6",2,TRUE,0,0,1,0
"S41","DS6",2,FALSE,NA,NA,NA,NA
"S42","DS6",2,FALSE,NA,NA,NA,NA
"S43","DS6",2,TRUE,0,0,1,0
"S44","DS6",2,FALSE,NA,NA,NA,NA
"S45","DS6",2,TRUE,1,0,1,1
"S46","DS6",1,TRUE,0,0,1,0
"S47","DS6",2,TRUE,0,0,1,0
"S48","DS7",2,TRUE,1,1,1,1
"S49","DS7",2,TRUE,1,1,1,1
"S50","DS7",2,TRUE,1,1,1,1
"S51","DS7",2,TRUE,1,1,1,0
"S52","DS7",2,TRUE,1,1,1,0
"S53","DS7",2,TRUE,1,1,1,1
"S54","DS7",2,TRUE,1,1,1,1
"S55","DS7",2,TRUE,1,1,0,1
"S56","DS7",2,TRUE,1,1,1,0
"S57","DS7",2,TRUE,1,1,1,1
"S58","DS7",2,TRUE,1,1,1,1
"S59","DS7",2,TRUE,1,1,1,1
"S60","DS7",2,TRUE,1,1,1,1
