"participant_code","respondent_group","dental_school","CCI_B1","DOHR_B1","CCI_B2","DOHR_B2","CCI_B3a","CCI_B3b","CCI_B4","DOHR_B4","CCI_B5","DOHR_B5","CCI_B6","DOHR_B6","CCI_B7","DOHR_B7","CCI_B8","DOHR_B8","CCI_B9","DOHR_B9","CCI_B10","DOHR_B10","CCI_B11a","CCI_B11b","CCI_B12a","CCI_B12b","CCI_B13a","CCI_B13b","CCI_B14a","CCI_B14b","CCI_B15a","CCI_B15b","DOHR_B16a","DOHR_B16b","CCI_B17","DOHR_B17","CCI_B18","DOHR_B18","CCI_B19a","CCI_B19b","DOHR_B20a","DOHR_B20b","CCI_B21","DOHR_B21","CCI_B22","DOHR_B22","TEI_B27","TEI_B28","TEI_B29","TEI_B30","TEI_B31","TEI_B34","TEI_B35"
"S01","Students","DS1",4,3,3,3,3,4,4,3,4,4,3,3,4,4,4,4,4,4,4,4,4,4,4,4,4,4,4,4,4,4,4,4,4,4,4,4,4,4,4,4,5,4,4,4,4,4,4,4,4,4,4
"S02","Students","DS1",3,4,3,3,3,3,5,2,5,5,3,3,5,5,5,5,5,3,5,5,3,3,3,5,3,3,3,3,3,3,3,3,3,3,3,3,4,4,5,5,5,5,5,5,5,5,5,5,3,5,5
"S03","Students","DS1",3,5,4,4,4,5,5,5,5,5,3,4,4,5,5,4,4,5,5,4,4,4,4,4,4,5,5,4,4,4,4,4,4,3,3,4,5,5,5,5,5,5,5,5,5,5,5,4,4,5,5
"S04","Students","DS1",3,3,3,3,4,4,2,3,4,4,3,4,4,4,3,4,3,3,3,3,4,4,4,3,4,3,4,4,4,4,4,4,4,4,4,4,4,4,4,4,4,4,4,4,3,4,3,3,3,4,4
"S05","Students","DS1",4,4,5,5,5,5,5,5,5,4,4,3,4,4,5,5,5,3,4,4,4,4,4,4,4,4,4,4,4,4,5,5,4,5,5,4,5,5,4,5,4,5,5,4,4,4,4,4,5,4,4
"S06","Students","DS1",5,5,4,4,5,5,5,5,5,5,5,5,5,5,5,5,4,4,5,5,4,5,4,5,4,5,5,5,5,5,5,5,5,5,5,5,5,5,5,5,5,5,4,4,4,5,3,4,5,4,5
"S07","Students","DS1",4,4,3,4,3,3,3,4,4,4,3,4,3,4,4,4,4,4,4,4,4,4,4,4,3,4,4,4,4,4,4,4,4,4,4,5,4,4,4,5,5,5,5,5,3,4,3,3,3,5,4
"S08","Students","DS1",3,4,3,3,3,4,3,3,4,4,3,4,4,4,4,4,4,4,3,3,3,3,3,3,3,3,3,3,3,3,3,3,3,3,3,3,3,3,3,4,4,4,4,4,3,3,4,4,4,4,4
"S09","Students","DS1",3,4,4,4,5,5,3,3,3,4,3,3,4,4,4,4,4,4,4,4,4,4,4,3,4,4,4,4,4,5,5,5,4,4,4,4,4,4,4,4,4,4,4,4,3,5,5,5,4,4,5
"S10","Students","DS1",4,4,4,4,4,4,4,4,4,4,4,4,4,4,4,4,4,4,4,4,4,4,4,4,4,4,4,4,4,4,4,4,4,4,4,4,4,4,4,4,4,4,4,4,4,4,4,4,4,4,4
"S11","Students","DS2",3,3,3,3,1,3,3,3,3,3,3,3,2,2,3,3,3,3,3,3,3,3,3,3,3,3,3,3,3,3,3,3,3,3,3,3,3,3,3,3,3,3,3,3,3,3,3,3,3,3,3
"S12","Students","DS2",3,3,4,3,1,4,4,5,5,5,3,3,4,4,4,4,5,3,5,5,5,5,5,5,5,5,5,5,4,4,4,4,4,4,5,4,4,4,4,4,5,5,5,5,3,4,3,3,3,4,4
"S13","Students","DS2",3,3,4,3,1,4,4,5,5,5,3,3,3,4,3,4,5,3,5,5,5,5,5,5,5,5,5,5,4,4,4,4,4,4,5,4,4,4,4,4,5,4,5,5,3,4,3,3,3,3,5
"S14","Students","DS2",3,2,2,3,1,3,3,3,3,3,3,2,3,3,3,3,5,3,3,3,3,3,3,3,3,3,3,3,3,4,4,4,4,4,3,3,4,4,4,4,4,4,4,4,4,4,4,4,3,4,4
"S15","Students","DS2",4,4,4,4,1,5,4,4,4,4,4,3,4,4,4,4,5,4,4,5,5,5,5,5,3,4,3,3,4,4,4,4,4,4,3,3,5,5,4,4,4,4,4,4,4,4,4,5,3,4,4
"S16","Students","DS2",3,3,4,4,1,3,4,4,4,2,3,3,4,4,4,3,3,3,3,3,3,4,3,4,3,4,3,4,3,4,3,4,3,3,4,3,4,4,3,4,3,3,3,3,3,3,3,3,3,4,4
"S17","Students","DS2",3,3,3,3,1,3,3,3,5,5,3,3,3,3,3,3,3,3,3,3,3,3,3,3,3,3,3,3,3,3,3,3,3,3,3,3,3,5,4,3,3,3,3,3,4,4,4,4,2,3,3
"S18","Students","DS2",3,3,3,3,1,3,3,2,3,2,3,2,3,2,3,2,3,3,3,2,3,3,3,3,3,3,3,3,3,3,2,2,3,2,3,2,3,3,3,3,3,2,3,2,3,3,3,3,2,3,2
"S19","Students","DS3",4,5,5,5,5,5,4,5,4,5,3,4,5,5,5,5,4,5,5,5,4,4,5,4,5,4,5,4,5,4,5,5,5,5,5,5,4,4,4,4,5,4,5,5,4,4,4,4,4,3,4
"S20","Students","DS3",4,4,2,4,5,5,3,4,4,3,3,4,2,3,3,3,4,5,5,5,5,5,4,4,3,4,4,4,5,4,4,3,4,4,4,4,4,4,4,4,3,3,3,3,3,3,3,4,3,3,3
"S21","Students","DS3",3,4,2,2,3,3,3,4,3,2,3,3,3,3,3,3,3,2,3,3,2,3,1,4,1,4,1,3,3,3,3,3,3,3,4,4,4,4,3,3,3,3,3,4,3,3,3,3,2,3,3
"S22","Students","DS3",3,5,3,3,5,5,4,4,5,5,4,4,4,4,4,4,5,5,5,5,5,5,5,5,5,5,5,5,5,5,5,5,5,5,5,5,5,5,5,5,5,5,5,5,3,4,3,4,3,5,5
"S23","Students","DS3",3,3,2,2,5,5,5,3,4,3,4,3,3,3,4,3,5,5,5,3,5,5,5,5,5,5,5,5,5,5,3,3,4,3,4,3,5,5,4,5,5,4,5,5,4,4,4,4,3,5,4
"S24","Students","DS4",3,3,3,2,5,2,4,4,5,1,3,3,4,4,2,2,5,5,5,5,4,5,5,5,4,5,5,5,5,5,4,4,5,5,5,5,5,5,5,5,5,5,3,3,5,5,5,5,1,5,5
"S25","Students","DS4",5,4,4,4,5,4,3,3,4,4,3,3,3,3,3,3,4,4,4,4,4,4,4,4,4,4,4,4,4,4,4,4,3,3,3,3,3,3,3,3,3,3,3,4,3,3,3,3,3,3,3
"S26","Students","DS4",4,4,4,2,4,4,4,2,5,5,4,4,3,2,4,4,4,4,5,5,5,5,5,5,5,5,5,5,5,5,5,5,5,5,5,5,5,5,5,5,5,5,5,5,4,5,5,5,4,5,4
"S27","Students","DS4",3,4,4,5,4,4,5,4,4,4,4,4,5,5,5,2,5,4,4,4,4,5,4,4,4,4,4,4,4,4,4,4,4,4,4,2,4,5,4,4,4,2,3,3,3,3,4,4,2,4,4
"S28","Students","DS4",5,5,4,4,5,5,3,3,5,4,3,3,5,4,4,4,5,5,5,5,5,5,5,5,5,5,5,5,5,5,3,3,4,3,5,4,5,5,5,4,5,4,5,5,5,5,4,5,3,5,3
"S29","Students","DS4",3,4,2,5,5,5,4,5,3,5,3,5,4,5,3,5,4,4,3,4,4,3,4,3,3,2,3,2,3,2,3,2,4,4,3,3,4,2,3,2,3,3,3,3,2,3,2,2,4,2,4
"S30","Students","DS4",3,4,3,3,5,5,4,4,4,4,4,3,4,4,4,4,4,4,4,5,5,5,4,4,5,4,4,4,4,4,4,4,4,3,4,4,5,5,5,5,4,4,4,5,4,4,4,5,3,4,4
"S31","Students","DS5",4,4,4,4,5,5,4,4,5,5,4,4,4,4,5,5,5,4,5,5,4,4,4,4,4,4,4,4,5,5,5,5,4,4,4,4,4,4,4,5,5,4,5,5,5,5,4,5,4,5,5
"S32","Students","DS5",4,4,4,4,5,5,4,4,4,4,4,4,4,4,4,4,4,4,4,4,4,4,4,4,4,4,4,4,4,4,4,4,4,4,4,4,4,4,4,4,4,4,4,4,5,3,4,4,4,4,4
"S33","Students","DS5",5,3,4,5,5,5,5,3,4,4,4,4,5,4,5,5,4,4,4,4,4,4,4,5,4,4,5,5,5,4,5,5,5,5,5,4,4,4,4,4,4,4,4,4,4,4,4,3,3,5,5
"S34","Students","DS5",4,4,4,4,4,3,4,4,5,4,4,4,4,4,4,4,4,4,4,4,4,4,4,4,4,4,4,4,5,5,5,5,4,4,4,4,5,5,5,5,5,5,5,5,5,5,5,5,4,5,5
"S35","Students","DS5",5,5,5,5,2,4,5,5,5,5,5,5,5,5,5,5,4,5,5,5,5,5,5,5,5,5,5,5,5,5,5,5,5,5,5,5,5,5,5,5,5,5,5,5,5,5,5,5,5,5,5
"S36","Students","DS5",5,5,5,5,5,5,5,5,5,5,5,5,5,5,5,5,5,5,5,5,5,5,5,5,5,5,5,5,5,5,5,5,5,5,5,5,5,5,5,5,5,5,5,5,5,5,5,5,5,5,5
"S37","Students","DS5",4,4,4,4,5,5,4,4,3,3,3,3,4,4,4,4,5,4,3,3,4,4,3,3,5,3,5,3,4,3,4,3,3,3,3,3,4,3,4,3,5,5,4,4,4,4,4,5,3,5,5
"S38","Students","DS5",5,5,4,4,4,4,5,5,5,5,4,4,5,5,5,5,5,5,5,5,5,5,4,4,5,5,5,5,5,5,5,5,5,5,5,5,5,5,5,5,5,5,5,5,5,5,5,5,5,5,5
"S39","Students","DS5",5,5,5,5,3,3,5,5,5,5,5,5,5,5,5,5,3,4,4,5,5,4,5,5,5,5,5,5,4,4,5,5,4,5,5,5,4,5,5,5,4,4,5,4,4,5,5,4,5,4,5
"S40","Students","DS6",3,3,3,4,4,4,5,5,5,5,4,3,4,4,4,3,4,4,5,5,4,4,4,4,4,4,4,4,4,4,5,5,4,4,5,5,5,5,5,5,4,4,4,4,5,5,4,5,3,5,5
"S41","Students","DS6",4,4,4,4,5,5,5,5,4,4,4,3,4,4,4,3,5,5,4,4,5,4,5,4,5,5,5,5,4,4,5,4,4,4,4,4,5,4,4,4,5,5,5,5,5,5,5,5,3,5,4
"S42","Students","DS6",4,4,4,4,4,5,4,5,4,5,4,4,3,4,4,4,4,4,4,4,4,4,4,4,4,4,4,4,4,4,4,4,4,4,4,4,4,4,5,4,4,4,4,4,4,4,4,4,4,4,4
"S43","Students","DS6",3,4,5,5,5,4,5,5,5,5,3,3,4,4,4,4,5,4,4,4,4,4,4,4,4,4,4,4,4,4,4,4,4,4,4,4,4,5,5,5,4,4,4,4,5,5,3,5,3,4,5
"S44","Students","DS6",4,2,5,5,5,5,5,4,5,2,4,2,5,5,5,5,5,5,5,4,5,5,5,5,5,5,5,5,5,5,5,5,5,5,5,5,5,5,5,5,5,5,5,5,5,5,5,5,2,5,5
"S45","Students","DS6",5,5,3,4,4,5,3,4,4,4,5,4,3,4,4,4,4,4,4,4,4,4,4,4,4,4,5,5,5,5,5,5,5,5,5,5,5,5,5,5,5,5,5,5,4,4,3,4,4,4,4
"S46","Students","DS6",4,4,4,4,5,5,4,4,3,3,3,3,4,4,4,4,5,5,5,5,5,5,5,5,5,5,5,5,5,4,5,4,5,4,4,4,5,4,5,4,5,5,5,5,4,4,2,4,3,5,3
"S47","Students","DS6",1,3,2,3,5,5,2,5,3,4,4,5,2,5,3,5,4,5,2,5,5,2,5,2,5,2,5,2,4,2,4,2,2,5,2,3,3,2,4,2,4,4,3,3,4,3,2,3,4,3,3
"S48","Students","DS7",4,4,4,4,5,5,4,5,5,5,3,4,4,4,4,5,4,3,5,5,5,5,5,5,5,5,5,5,5,5,5,5,5,5,5,5,5,5,5,5,5,5,5,5,5,5,4,5,3,5,5
"S49","Students","DS7",5,4,5,5,5,5,4,5,5,5,4,4,5,5,5,5,5,5,5,5,5,5,5,5,5,5,4,4,4,4,5,5,5,5,5,4,5,5,5,4,5,4,5,5,4,4,5,5,5,4,5
"S50","Students","DS7",5,5,4,5,5,4,5,5,5,5,4,4,5,4,5,5,5,5,5,5,5,4,4,4,5,4,5,5,5,5,5,5,5,5,4,5,5,5,5,4,4,5,5,4,4,5,4,5,5,5,5
"S51","Students","DS7",5,4,5,5,4,5,4,4,4,5,5,5,4,4,5,5,4,5,5,5,4,4,4,4,5,5,5,4,5,4,5,4,5,5,5,4,5,5,5,5,4,5,5,5,4,4,5,5,5,5,5
"S52","Students","DS7",5,5,5,4,5,4,5,5,4,5,5,5,5,4,5,5,4,4,5,4,5,5,5,5,4,5,5,4,5,5,4,5,5,5,4,5,5,5,4,5,5,5,5,5,4,4,5,5,5,5,5
"S53","Students","DS7",5,5,4,4,5,5,5,5,5,5,4,5,4,4,5,5,5,5,5,5,4,5,5,5,5,4,5,5,5,5,5,5,5,4,5,5,4,5,5,5,5,4,5,4,4,5,5,5,4,5,5
"S54","Students","DS7",5,5,4,5,5,5,4,5,4,5,5,5,5,5,5,5,5,5,4,5,5,4,5,5,5,5,5,4,5,5,5,5,4,5,5,5,5,5,5,5,5,5,5,5,5,5,4,5,5,5,5
"S55","Students","DS7",5,5,5,4,5,4,5,5,5,4,5,5,4,5,5,5,4,5,5,5,5,4,5,5,5,4,5,5,5,4,5,5,5,5,5,5,5,5,4,5,5,5,5,4,5,4,5,5,5,5,5
"S56","Students","DS7",5,5,5,4,5,5,5,5,4,5,5,5,5,5,5,5,5,4,5,5,5,5,4,5,5,4,5,4,4,5,5,4,5,5,5,5,5,5,5,5,5,5,5,4,4,4,5,5,5,5,5
"S57","Students","DS7",4,4,5,5,4,4,5,5,5,5,4,5,5,5,5,5,5,4,5,5,4,4,5,5,5,5,5,4,5,5,5,4,5,5,4,5,5,5,5,5,4,5,5,5,4,4,4,5,5,4,5
"S58","Students","DS7",4,5,5,5,5,5,5,4,4,5,5,5,5,5,5,4,5,5,5,4,5,5,5,5,4,5,4,5,5,5,5,5,5,4,5,5,5,4,4,5,5,5,5,5,5,5,4,5,5,5,5
"S59","Students","DS7",5,5,5,4,5,5,5,5,5,4,5,5,5,5,5,5,5,4,5,5,5,5,4,4,5,5,4,5,5,5,5,5,5,4,5,5,5,5,4,5,5,4,5,5,5,4,5,5,5,5,5
"S60","Students","DS7",5,5,5,5,5,4,5,5,5,5,5,5,5,4,5,5,5,5,5,5,5,5,5,5,5,4,5,5,4,5,5,5,5,5,5,5,5,4,5,5,5,5,5,4,4,5,5,5,5,5,5
"E01","Educators","DS1",4,3,4,2,3,5,5,2,5,2,4,2,5,2,5,2,5,3,5,2,5,5,5,5,5,5,5,5,5,5,4,2,4,2,4,2,5,5,3,2,4,2,4,2,4,4,4,4,2,4,3
"E02","Educators","DS2",5,4,4,3,1,4,5,3,5,3,4,4,4,4,5,3,5,4,5,4,5,5,5,5,5,5,5,5,5,5,3,3,4,4,5,4,5,5,4,3,4,3,5,4,4,4,3,4,4,4,3
"E03","Educators","DS2",5,5,5,5,2,3,4,5,5,5,5,5,5,5,5,5,4,5,5,5,5,5,5,5,5,5,5,5,5,5,5,5,4,4,5,5,5,5,5,5,5,5,5,5,5,5,5,5,5,5,5
"E04","Educators","DS3",5,4,5,3,5,5,5,4,5,4,4,3,5,4,5,4,5,5,5,4,5,5,5,5,5,5,5,5,5,5,5,4,5,3,5,4,5,5,5,5,5,5,5,4,3,4,5,4,2,5,4
"E05","Educators","DS4",5,3,3,5,5,4,5,5,5,5,4,3,5,4,5,4,4,4,4,4,5,5,5,5,4,4,4,5,5,5,4,5,4,4,5,4,5,5,5,4,4,4,4,4,4,5,4,5,3,5,5
"E06","Educators","DS4",4,3,4,4,5,5,5,5,5,5,4,4,4,4,5,5,5,5,5,5,5,5,5,5,5,5,5,5,5,5,5,5,5,5,5,5,5,5,5,5,5,5,5,5,5,5,4,5,4,5,5
"E07","Educators","DS4",5,5,4,4,4,5,4,5,5,4,5,4,5,5,5,4,4,5,5,5,5,4,5,4,5,5,5,5,5,5,4,4,3,3,4,4,5,5,5,5,5,5,5,4,5,5,4,5,4,5,4
"E08","Educators","DS5",4,4,4,4,3,5,4,4,5,5,4,4,4,4,5,4,5,5,5,4,5,5,5,5,5,4,5,4,5,5,4,4,5,4,5,4,5,5,5,5,5,5,5,5,4,5,5,5,4,5,4
"E09","Educators","DS5",4,5,4,5,5,5,5,5,5,5,5,5,5,5,5,5,5,4,5,5,5,5,5,5,5,5,5,5,5,5,5,5,5,5,5,5,5,5,5,5,5,5,5,5,5,5,5,5,5,5,5
"E10","Educators","DS5",4,4,4,4,5,5,5,5,5,5,3,3,5,5,5,5,4,4,5,4,4,5,5,5,4,5,5,5,5,4,5,5,4,4,5,4,5,5,5,5,4,4,4,4,5,5,4,5,4,5,5
"E11","Educators","DS6",5,3,5,3,4,5,5,4,4,3,5,3,5,3,5,3,5,4,4,3,5,4,5,5,5,4,5,4,5,5,5,5,5,3,5,3,5,5,4,4,5,3,5,4,5,5,4,5,3,5,3
"E12","Educators","DS6",5,4,5,4,5,4,5,4,5,4,5,3,5,4,5,3,5,5,5,4,5,5,5,5,5,5,5,5,5,5,5,5,5,4,5,4,5,5,4,4,5,5,5,4,5,5,5,5,3,5,4
"E13","Educators","DS6",5,2,5,3,4,4,4,2,4,2,5,2,5,4,5,2,4,5,3,2,5,5,4,4,4,4,4,3,4,4,4,3,5,2,5,2,4,4,4,4,4,4,4,3,5,5,5,5,3,4,3
"E14","Educators","DS6",4,2,5,3,4,4,4,2,4,2,4,2,5,4,5,2,4,5,4,2,5,5,4,4,4,4,3,3,4,4,4,3,5,1,4,2,4,5,4,3,5,3,5,3,5,5,4,4,2,4,3
"E15","Educators","DS7",5,5,5,5,5,5,4,4,5,3,5,4,4,4,4,4,5,5,3,3,4,4,4,4,4,4,4,4,4,4,4,4,5,5,5,5,5,5,4,4,4,4,4,4,2,5,4,4,3,3,3
"E16","Educators","DS7",5,5,5,5,4,4,5,5,5,5,5,3,5,4,5,4,5,5,5,5,5,5,5,5,5,5,5,5,5,5,4,4,4,4,5,4,5,5,5,5,5,4,5,4,3,5,4,3,4,5,5
